create table depart
(
dept_no integer(4),
dnombre varchar(30),
loc varchar(30),
constraint pk_depart primary key (dept_no)
);

create table emple
(
emp_no integer(4),
apellido varchar(30),
oficio varchar(30),
dir integer(4),
fecha_alt date,
salario integer(30),
comision integer(30),
dept_no integer(2),
constraint pk_emple primary key (emp_no),
constraint fk_dir foreign key (dir) references emple(emp_no),
constraint fk_dept_no foreign key (dept_no) references depart(dept_no)
);

insert into depart 
values (10, 'CONTABILIDAD', 'SEVILLA');

insert into depart 
values (20, 'INVESTIGACION', 'MADRID');

insert into depart 
values (30, 'VENTAS', 'BARCELONA');

insert into depart 
values (40, 'PRODUCCION', 'BILBAO');

INSERT INTO emple 
values (7839, 'REY', 'PRESIDENTE', NULL, STR_TO_DATE('1981/11/17', '%Y/%m/%d'), 650000, NULL, 10);

INSERT INTO emple 
values (7566, 'JIMENEZ', 'DIRECTOR', 7839, STR_TO_DATE('1981/04/02', '%Y/%m/%d'), 386750, NULL, 20);

INSERT INTO emple 
values (7788, 'GIL', 'ANALISTA', 7566, STR_TO_DATE('1981/11/09', '%Y/%m/%d'), 650000, NULL, 20);

INSERT INTO emple 
values (7698, 'NEGRO', 'DIRECTOR', 7839, STR_TO_DATE('1981/05/01','%Y/%m/%d'), 370500, NULL, 30);

INSERT INTO emple 
values (7902, 'FERNANDEZ', 'ANALISTA', 7566, STR_TO_DATE('1981/12/03','%Y/%m/%d'), 390000, NULL, 20);

INSERT INTO emple 
values (7369, 'SANCHEZ', 'EMPLEADO', 7902, STR_TO_DATE('1980/12/17', '%Y/%m/%d'), 104000, NULL, 20);

INSERT INTO emple 
values (7499, 'ARROYO', 'VENDEDOR', 7902, STR_TO_DATE('1980/02/20', '%Y/%m/%d'), 208000, 39000, 30);

INSERT INTO emple 
values (7521, 'SALA', 'VENDEDOR', 7698, STR_TO_DATE('1981/02/22', '%Y/%m/%d'), 162500, 162500, 30);

INSERT INTO emple 
values (7654, 'MARTIN', 'VENDEDOR', 7698, STR_TO_DATE('1981/09/29', '%Y/%m/%d'), 162500, 182000, 30);

INSERT INTO emple 
values (7844, 'TOVAR', 'VENDEDOR', 7698, STR_TO_DATE('1981/09/08', '%Y/%m/%d'), 195000, 0, 30);

INSERT INTO emple 
values (7876, 'ALONSO', 'EMPLEADO', 7788, STR_TO_DATE('1981/09/23', '%Y/%m/%d'), 143000, NULL, 20);

INSERT INTO emple 
values (7900, 'JIMENO', 'EMPLEADO', 7698, STR_TO_DATE('1981/12/03', '%Y/%m/%d'), 1235000, NULL, 30);

INSERT INTO emple 
values (7934, 'MUÑOZ', 'EMPLEADO', null, STR_TO_DATE('1982/01/23', '%Y/%m/%d'), 169000, null, 10);


CREATE TABLE HERRAMIENTAS
(
DESCRIPCION VARCHAR(20),
ESTANTERIA INTEGER(2),
UNIDADES INTEGER(4),
CONSTRAINT PK_HERRAMIENTAS PRIMARY KEY (DESCRIPCION)
);

INSERT INTO HERRAMIENTAS
VALUES ('ALICATES', 1, 10);

INSERT INTO HERRAMIENTAS
VALUES ('CORTADOR',4,5);

INSERT INTO HERRAMIENTAS
VALUES ('DESTORNILLADOR',3,7);

INSERT INTO HERRAMIENTAS
VALUES ('ESCOFINA', 6, 5);

INSERT INTO HERRAMIENTAS
VALUES ('GUANTES', 2, 7);

INSERT INTO HERRAMIENTAS
VALUES ('LIMA', 6, 10);

INSERT INTO HERRAMIENTAS
VALUES ('MARTILLO', 3, 10);

INSERT INTO HERRAMIENTAS
VALUES ('METRO', 5, 15);

INSERT INTO HERRAMIENTAS
VALUES ('SIERRA', 4, 5);

INSERT INTO HERRAMIENTAS
VALUES ('SOLDADOR',1 ,15);

CREATE TABLE HOSPITALES
(
COD_HOSPITAL INTEGER(2),
NOMBRE VARCHAR(50),
DIRECCION VARCHAR(50),
ESPECIALIDAD VARCHAR(20),
CONSTRAINT PK_HOSPITALES PRIMARY KEY (COD_HOSPITAL)

);

INSERT INTO HOSPITALES
VALUES(1, 'RAFAEL MENDEZ', 'GRAN VIA, 7', 'PSIQUIATRA');

INSERT INTO HOSPITALES
VALUES(2, 'REINA SOFIA', 'JUNTERONES, 5', 225);

INSERT INTO HOSPITALES
VALUES(3, 'PRINCIPE ASTURIAS', 'AVENIDA COLON', 150);

INSERT INTO HOSPITALES
VALUES(4, 'VIRGEN DE LA ARRIXACA', 'AVENIDA JUAN CARLOS, I', 250);

CREATE TABLE MEDICOS(
	COD_HOSPITAL INTEGER(1),
	DNI INTEGER(8),
	APELLIDOS VARCHAR(50),
	ESPECIALIDAD VARCHAR(20),
CONSTRAINT PK_MEDICOS PRIMARY KEY(DNI)
);

INSERT INTO MEDICOS 
VALUES(4,22233311,'MARTINEZ MOLINA,GLORIA','PSQUIATRA');
INSERT INTO MEDICOS 
VALUES(2,22233322,'TRISTAN GARCIA,ANA','CIRUJANO');
INSERT INTO MEDICOS 
VALUES(2,22233333,'MARTINEZ MOLINA,ANDRES','CIRUJANO');
INSERT INTO MEDICOS 
VALUES(4,33222111,'MESA DEL CASTILLO,JUAN','DERMATOLOGO');
INSERT INTO MEDICOS 
VALUES(1,66655544,'CASTILLO MONTES,PEDRO','PSQUIATRA');

CREATE TABLE PERSONAS
(
COD_HOSPITAL INTEGER(2),
DNI VARCHAR(10),
APELLIDOS VARCHAR(30),
FUNCION VARCHAR(20),
SALARIO INTEGER(4),
CONSTRAINT PK_PERSONAS PRIMARY KEY (DNI)
);

INSERT INTO PERSONAS
VALUES(1, '12345678', 'GARCIA HERNANDEZ, ELADIO', 'CONSERJE', 1500);

INSERT INTO PERSONAS
VALUES(4, '22233311', 'MARTINEZ MOLINA, GLORIA', 'MEDICO', 1600);

INSERT INTO PERSONAS
VALUES(2, '22233322', 'TRISTAN GARCIA, ANA', 'MEDICO', 1900);

INSERT INTO PERSONAS
VALUES(2, '22233333', ' MARTINEZ MOLINA, ANDRES', 'MEDICO', 1600);

INSERT INTO PERSONAS
VALUES(4, '33222111', 'MESA DEL CASTILLO, JUAN', 'MEDICO', 2200);

INSERT INTO PERSONAS
VALUES(3, '55544411', 'RUIZ HERNANDEZ, CARIDAD', 'MEDICO', 1900);

INSERT INTO PERSONAS
VALUES(4, '55544412', 'JIMENEZ JIMENEZ, DOLORES', 'CONSERJE', 1200);

INSERT INTO PERSONAS
VALUES(2, '55544433', 'GONZALES MARIN, ALICIA', 'CONSERJE', 1200);

INSERT INTO PERSONAS
VALUES(1, '66655544', 'CASTILLO MONTES, PEDRO','MEDICO', 1700);

INSERT INTO PERSONAS
VALUES(1, '87654321', 'FUENTES BERMEJO, CARLOS', 'DIRECTOR', 2000);

INSERT INTO PERSONAS
VALUES(3, '99988333', 'SERRANO DIAZ, ALEJANDRO', 'DIRECTOR', 2400);

















































































